Order_ID,Product_Category,Sales_Price,Unit_Cost,Shipping_Cost,Net_Profit,Return_Reason,Is_Returned
ORD-1000,Home,355.12,152.02262429381128,28.36,174.73737570618874,NULL,0
ORD-1001,Beauty,277.33,179.0297893149166,26.56,71.74021068508338,NULL,0
ORD-1002,Electronics,168.57,145.56951935333254,6.15,16.850480646667457,NULL,0
ORD-1003,Home,410.62,185.8862816097135,20.36,204.3737183902865,NULL,0
ORD-1004,Home,348.67,272.73677432904304,22.11,53.82322567095697,NULL,0
ORD-1005,Beauty,98.06,59.310171747024924,22.95,15.799828252975079,NULL,0
ORD-1006,Electronics,457.25,332.68909048312685,31.11,93.45090951687315,NULL,0
ORD-1007,Electronics,414.82,219.90367278811644,29.01,165.90632721188356,NULL,0
ORD-1008,Home,475.9,228.3111838717162,32.36,215.22881612828377,NULL,0
ORD-1009,Clothing,368.35,176.89320198340315,39.42,152.0367980165969,NULL,0
ORD-1010,Home,314.44,136.8587436940152,41.58,136.00125630598478,NULL,0
ORD-1011,Home,220.76,108.7956832869992,37.32,74.64431671300079,Damaged,1
ORD-1012,Home,467.71,342.41502427659515,48,77.29497572340483,NULL,0
ORD-1013,Home,435.71,366.3647082431674,5.82,63.52529175683258,"Late Delivery",1
ORD-1014,Beauty,41.7,33.654520544575725,13.81,-5.764520544575722,NULL,0
ORD-1015,Electronics,32.66,24.252243280250326,5.34,3.0677567197496707,NULL,0
ORD-1016,Beauty,200.7,91.36183749330415,34.14,75.19816250669584,Damaged,1
ORD-1017,Beauty,409.07,222.7769543281421,45.41,140.8830456718579,NULL,0
ORD-1018,Beauty,493.89,274.0612588265071,15.96,203.86874117349285,NULL,0
ORD-1019,Home,92.2,48.40301522893034,46.72,-2.923015228930339,NULL,0
ORD-1020,Clothing,305.18,200.65671361510664,7.71,96.81328638489337,NULL,0
ORD-1021,Electronics,202.83,135.445190136022,47.05,20.33480986397801,NULL,0
ORD-1022,Clothing,485.56,280.86877705204216,20.82,183.87122294795785,NULL,0
ORD-1023,Beauty,424.22,244.7302184595855,9.56,169.92978154041452,NULL,0
ORD-1024,Beauty,422.4,343.9509422777644,26.86,51.58905772223558,"Not as Described",1
ORD-1025,Clothing,244.97,194.66453452643668,16.55,33.75546547356332,NULL,0
ORD-1026,Clothing,219.11,121.3645723397841,17.82,79.92542766021592,NULL,0
ORD-1027,Clothing,151.24,129.59668212569588,18.83,2.8133178743041327,NULL,0
ORD-1028,Beauty,47.06,41.24373735006897,41.14,-35.32373735006897,NULL,0
ORD-1029,Beauty,435.07,245.10593888050497,29.26,160.70406111949504,NULL,0
ORD-1030,Electronics,410.19,236.76678487271158,19.01,154.41321512728842,"Not as Described",1
ORD-1031,Electronics,499.86,326.3171439647502,32.47,141.07285603524983,"Wrong Size",1
ORD-1032,Beauty,498.39,433.8786008793288,37.23,27.281399120671175,NULL,0
ORD-1033,Clothing,286.61,240.224956366459,17.27,29.115043633541017,NULL,0
ORD-1034,Clothing,389.11,175.59910996045033,23.61,189.90089003954967,NULL,0
ORD-1035,Electronics,473.49,282.37303981579146,10.48,180.63696018420856,NULL,0
ORD-1036,Beauty,427.83,289.50639805532245,13.15,125.17360194467753,NULL,0
ORD-1037,Electronics,138.73,90.39178395853757,35.65,12.688216041462418,NULL,0
ORD-1038,Electronics,236.26,117.40504421538513,13.16,105.69495578461486,"Wrong Size",1
ORD-1039,Home,82,68.01148761789435,28.63,-14.641487617894345,NULL,0
ORD-1040,Home,477.94,352.94453891275424,36.91,88.08546108724576,NULL,0
ORD-1041,Home,310.96,254.66199412195843,9.81,46.48800587804155,NULL,0
ORD-1042,Clothing,129.75,107.612332622797,30.53,-8.392332622797,"Late Delivery",1
ORD-1043,Beauty,342.42,265.0940057061113,16.55,60.7759942938887,NULL,0
ORD-1044,Beauty,316.7,196.22899870789277,48.33,72.14100129210722,NULL,0
ORD-1045,Beauty,191.92,135.3560666112801,26.76,29.803933388719873,NULL,0
ORD-1046,Beauty,74.51,35.77841320499103,41.27,-2.5384132049910306,NULL,0
ORD-1047,Home,342.36,252.25862256335475,29.76,60.34137743664526,NULL,0
ORD-1048,Clothing,269.75,132.0767828678355,6.95,130.7232171321645,NULL,0
ORD-1049,Clothing,390.71,291.8505222541117,33.49,65.36947774588828,NULL,0
ORD-1050,Home,269.68,138.83101599606516,47.81,83.03898400393484,NULL,0
ORD-1051,Clothing,429.05,196.83769266472595,32.07,200.14230733527407,NULL,0
ORD-1052,Home,284.92,137.51442846576572,41.86,105.5455715342343,NULL,0
ORD-1053,Beauty,289.25,115.98811255605804,44.79,128.47188744394197,NULL,0
ORD-1054,Home,440.79,334.7226180768288,15.26,90.80738192317123,NULL,0
ORD-1055,Beauty,213.67,163.71406607615194,14.54,35.41593392384805,NULL,0
ORD-1056,Beauty,84.33,55.44416469909259,32.49,-3.6041646990925926,NULL,0
ORD-1057,Electronics,33.82,16.25664496584654,23.5,-5.93664496584654,NULL,0
ORD-1058,Home,382.47,168.96651373385677,42.79,170.71348626614326,NULL,0
ORD-1059,Electronics,317.75,130.13911454272397,45.5,142.11088545727603,NULL,0
ORD-1060,Home,357.96,172.8496087132352,20.9,164.21039128676478,NULL,0
ORD-1061,Home,122.22,103.32818174282009,15.66,3.2318182571799063,NULL,0
ORD-1062,Electronics,85.46,44.504869245912865,40.12,0.8351307540871318,NULL,0
ORD-1063,Electronics,26.98,15.57112020416024,17.37,-5.96112020416024,NULL,0
ORD-1064,Home,188.28,85.22922390907272,42.02,61.03077609092728,NULL,0
ORD-1065,Clothing,303.16,154.96952657372768,24.07,124.12047342627235,NULL,0
ORD-1066,Beauty,208.28,137.38404680105054,35.04,35.85595319894946,NULL,0
ORD-1067,Electronics,229.99,161.88451979258457,9.3,58.80548020741544,NULL,0
ORD-1068,Beauty,454,237.2949753157299,33.07,183.6350246842701,"Not as Described",1
ORD-1069,Clothing,187.16,80.26657546028648,25.33,81.56342453971352,NULL,0
ORD-1070,Clothing,266.71,158.83018826248426,31.4,76.47981173751572,Damaged,1
ORD-1071,Clothing,396.15,204.84983269623365,12.56,178.74016730376633,NULL,0
ORD-1072,Electronics,210.34,107.22648610607828,38.16,64.95351389392172,NULL,0
ORD-1073,Clothing,318.6,280.34614447225346,43.83,-5.576144472253432,NULL,0
ORD-1074,Electronics,433.93,307.28763492887475,14.75,111.89236507112525,NULL,0
ORD-1075,Clothing,475.77,322.78102845399405,9.31,143.67897154600593,"Late Delivery",1
ORD-1076,Beauty,90.6,55.07461218960648,6.06,29.465387810393512,NULL,0
ORD-1077,Beauty,464.76,285.5820842024969,33.89,145.2879157975031,NULL,0
ORD-1078,Home,256.22,171.78334004169653,32.32,52.116659958303494,NULL,0
ORD-1079,Beauty,143.96,107.71301751045901,29.6,6.646982489540996,NULL,0
ORD-1080,Home,240.39,180.55045003057498,15.44,44.39954996942501,NULL,0
ORD-1081,Beauty,490.42,238.2690631084533,22.59,229.5609368915467,NULL,0
ORD-1082,Electronics,256.46,166.71345819878587,31.75,57.99654180121411,NULL,0
ORD-1083,Beauty,177.8,107.74307464853167,27.35,42.706925351468335,NULL,0
ORD-1084,Home,324.03,270.65042644013425,49.45,3.929573559865716,NULL,0
ORD-1085,Home,135.27,96.81401873660491,11.14,27.315981263395102,NULL,0
ORD-1086,Clothing,56.41,37.58327719326276,36.28,-17.453277193262764,NULL,0
ORD-1087,Electronics,81.86,37.46710270438309,23.19,21.20289729561691,NULL,0
ORD-1088,Beauty,81.46,57.25163123214254,24.27,-0.06163123214254895,NULL,0
ORD-1089,Clothing,92.91,42.60870743837524,37.29,13.011292561624757,NULL,0
ORD-1090,Beauty,86.64,49.26378885350838,36.16,1.2162111464916237,NULL,0
ORD-1091,Beauty,327.62,154.4469422562357,49.61,123.5630577437643,NULL,0
ORD-1092,Clothing,107.3,80.04975116285739,10.78,16.470248837142606,NULL,0
ORD-1093,Clothing,185.92,93.54119650220875,9.68,82.69880349779123,NULL,0
ORD-1094,Clothing,450.46,268.4424866231391,37.6,144.4175133768609,"Wrong Size",1
ORD-1095,Clothing,247.5,209.83975373032385,31.03,6.6302462696761495,NULL,0
ORD-1096,Clothing,340.43,170.94971320025573,17.34,152.14028679974427,NULL,0
ORD-1097,Beauty,102.71,67.16232905960311,8.57,26.977670940396884,NULL,0
ORD-1098,Clothing,112.3,68.46210377447213,8.85,34.98789622552787,NULL,0
ORD-1099,Electronics,39.62,16.207037253115907,45.24,-21.82703725311591,NULL,0
ORD-1100,Home,101.09,80.50595885053782,13.63,6.95404114946218,NULL,0
ORD-1101,Clothing,153.72,66.79486835934014,19.55,67.37513164065986,Damaged,1
ORD-1102,Clothing,104.97,66.87927477597542,15.2,22.89072522402458,NULL,0
ORD-1103,Beauty,62.58,42.575623848639744,20.97,-0.9656238486397442,NULL,0
ORD-1104,Clothing,77.91,55.644352617421234,8.12,14.145647382578764,NULL,0
ORD-1105,Clothing,241.17,179.50664502009016,28.36,33.30335497990983,NULL,0
ORD-1106,Clothing,119.04,62.69077226727201,8.04,48.309227732728,"Wrong Size",1
ORD-1107,Beauty,194.85,78.91218231594944,41.02,74.91781768405056,"Late Delivery",1
ORD-1108,Clothing,261.64,199.2968999092696,15.52,46.82310009073039,NULL,0
ORD-1109,Home,351.39,234.6681862223728,29.3,87.42181377762718,"Not as Described",1
ORD-1110,Beauty,38.87,31.79794756183288,44.6,-37.52794756183289,NULL,0
ORD-1111,Home,403.72,327.2934549351342,34.29,42.13654506486582,NULL,0
ORD-1112,Beauty,321.39,264.0742985326739,28.98,28.335701467326107,NULL,0
ORD-1113,Clothing,59.24,38.064503828593985,19.6,1.5754961714060158,NULL,0
ORD-1114,Home,439.32,249.01281342952595,19.99,170.31718657047404,"Late Delivery",1
ORD-1115,Beauty,462.02,367.66586038063235,35.13,59.22413961936763,NULL,0
ORD-1116,Electronics,49.32,30.85691282730143,49.74,-31.27691282730143,NULL,0
ORD-1117,Clothing,152.9,75.18415591504258,34.78,42.935844084957424,"Wrong Size",1
ORD-1118,Beauty,406.98,336.77066324056443,30.1,40.109336759435585,NULL,0
ORD-1119,Electronics,379.16,318.97970143850165,37.88,22.300298561498373,"Late Delivery",1
ORD-1120,Beauty,108.57,68.74162511206913,25.93,13.898374887930864,"Wrong Size",1
ORD-1121,Electronics,120.49,52.756530071778144,7.71,60.02346992822185,"Late Delivery",1
ORD-1122,Clothing,197.83,117.49381768413326,30.3,50.03618231586675,NULL,0
ORD-1123,Home,252.57,202.50275332523486,48.09,1.9772466747651265,NULL,0
ORD-1124,Electronics,316.76,269.5269706411517,12.89,34.343029358848284,NULL,0
ORD-1125,Beauty,197.08,98.8822040457131,36.05,62.14779595428692,"Late Delivery",1
ORD-1126,Clothing,242.02,104.91247679117812,14.04,123.06752320882188,NULL,0
ORD-1127,Electronics,378.79,317.681789071094,29.11,31.998210928906033,NULL,0
ORD-1128,Beauty,37.61,22.36675987749775,9.35,5.893240122502251,NULL,0
ORD-1129,Beauty,141.17,94.70819766282595,25.27,21.191802337174035,NULL,0
ORD-1130,Beauty,362.41,320.3823654726578,39.03,2.9976345273422282,NULL,0
ORD-1131,Electronics,449.7,194.847079071513,20.64,234.212920928487,NULL,0
ORD-1132,Electronics,265.61,192.34387297967555,34.92,38.34612702032446,NULL,0
ORD-1133,Electronics,275.41,120.36868721567208,40.8,114.24131278432795,NULL,0
ORD-1134,Home,71.44,41.9877501248234,46.72,-17.2677501248234,NULL,0
ORD-1135,Electronics,234.76,188.25575131480676,15.56,30.94424868519323,NULL,0
ORD-1136,Electronics,275.66,170.0094778407091,22.97,82.68052215929092,NULL,0
ORD-1137,Electronics,136.39,122.55885062441169,11.86,1.971149375588297,NULL,0
ORD-1138,Home,149.24,101.41300384271545,49.66,-1.833003842715442,NULL,0
ORD-1139,Electronics,201.1,112.73285444754514,46.72,41.64714555245486,NULL,0
ORD-1140,Beauty,29.63,15.112949293278918,29.3,-14.78294929327892,NULL,0
ORD-1141,Electronics,174.6,100.44044264318191,42.89,31.269557356818083,"Wrong Size",1
ORD-1142,Beauty,121.5,71.23139638089272,28.44,21.82860361910728,NULL,0
ORD-1143,Beauty,177.2,76.96803184634294,33.06,67.17196815365705,NULL,0
ORD-1144,Beauty,77.49,45.31515235679033,9.01,23.16484764320967,NULL,0
ORD-1145,Home,447.45,282.8417628286581,38.99,125.61823717134189,NULL,0
ORD-1146,Home,304.92,232.1565977063282,10.75,62.01340229367182,NULL,0
ORD-1147,Home,345.97,251.99234991456737,42.17,51.807650085432655,NULL,0
ORD-1148,Electronics,398.8,300.8478716526934,40.19,57.7621283473066,NULL,0
ORD-1149,Beauty,259.25,104.7841422632876,36.89,117.5758577367124,NULL,0
ORD-1150,Home,61.72,31.405215951055343,6.63,23.684784048944657,NULL,0
ORD-1151,Home,277.81,203.03525608018205,18.64,56.13474391981795,NULL,0
ORD-1152,Electronics,301.68,193.67695629623307,16.84,91.16304370376693,Damaged,1
ORD-1153,Home,377.81,152.1277421211289,21.21,204.4722578788711,Damaged,1
ORD-1153,Home,377.81,152.1277421211289,21.21,204.4722578788711,Damaged,1
ORD-1154,Electronics,227.2,182.270591380255,8.94,35.98940861974498,NULL,0
ORD-1155,Clothing,81.24,63.8875248670535,47.16,-29.807524867053502,NULL,0
ORD-1156,Home,156.21,105.31827872561222,29.92,20.97172127438779,"Late Delivery",1
ORD-1157,Clothing,194.28,84.16824746590707,18.75,91.36175253409293,NULL,0
ORD-1158,Electronics,330.04,258.5063134738671,22.86,48.6736865261329,NULL,0
ORD-1159,Beauty,293.97,203.38514169269456,25.12,65.46485830730546,NULL,0
ORD-1160,Home,190.93,151.02180921938458,32.03,7.8781907806154265,NULL,0
ORD-1161,Electronics,493.53,382.91684657855956,28.21,82.40315342144041,"Late Delivery",1
ORD-1162,Beauty,310.77,249.0824769511685,46.37,15.317523048831482,NULL,0
ORD-1163,Beauty,133.87,88.22086992479356,27.36,18.289130075206444,NULL,0
ORD-1164,Clothing,68.86,32.37537316140272,49.65,-13.16537316140272,NULL,0
ORD-1165,Electronics,93.37,68.68098664473077,43.31,-18.620986644730763,NULL,0
ORD-1166,Beauty,138.06,98.05530538213753,14.38,25.624694617862467,NULL,0
ORD-1167,Home,97.13,74.89952603632366,46.88,-24.64952603632367,NULL,0
ORD-1168,Home,109.55,53.125232106429024,10.24,46.18476789357097,NULL,0
ORD-1169,Clothing,156.85,78.03093005218018,41.79,37.02906994781981,"Late Delivery",1
ORD-1170,Beauty,103.22,87.24203518368954,22.13,-6.152035183689538,"Wrong Size",1
ORD-1171,Electronics,450.45,349.09374965636766,44.51,56.84625034363233,"Not as Described",1
ORD-1172,Home,58.51,49.97422443692795,44.06,-35.52422443692795,NULL,0
ORD-1173,Beauty,271.77,211.80603141635933,41.27,18.693968583640647,NULL,0
ORD-1174,Beauty,216.99,151.5843649234178,40.55,24.855635076582203,NULL,0
ORD-1175,Clothing,491.54,357.38220277934056,18.71,115.44779722065945,NULL,0
ORD-1176,Home,73.78,62.31192911414696,8.64,2.8280708858530375,NULL,0
ORD-1177,Home,210.97,145.44343049969203,23.13,42.396569500307976,NULL,0
ORD-1178,Electronics,485.35,347.6055646313914,12.81,124.9344353686086,NULL,0
ORD-1179,Home,435.44,208.2441106083039,36.27,190.92588939169607,NULL,0
ORD-1180,Electronics,412.19,262.5487938598282,20.57,129.0712061401718,NULL,0
ORD-1181,Home,143.79,109.02137036422752,48.9,-14.131370364227529,NULL,0
ORD-1182,Clothing,102.03,54.63414175460939,33.84,13.55585824539061,NULL,0
ORD-1183,Home,340.95,170.8592814249201,42.01,128.08071857507989,NULL,0
ORD-1184,Electronics,466.1,259.5773376567001,10.96,195.56266234329993,NULL,0
ORD-1185,Electronics,287.25,149.5855276954707,43.79,93.87447230452932,Damaged,1
ORD-1186,Clothing,294.37,149.37991648220193,46.52,98.47008351779806,NULL,0
ORD-1187,Home,154.39,94.55236081520196,26.92,32.91763918479802,NULL,0
ORD-1188,Home,389.36,332.4820018828464,32.28,24.597998117153594,NULL,0
ORD-1189,Clothing,109.78,71.74450400948825,39.42,-1.3845040094882535,NULL,0
ORD-1190,Home,175.37,86.62579859179161,12.87,75.87420140820839,NULL,0
ORD-1191,Home,224.21,98.31290899594289,27.62,98.27709100405711,NULL,0
ORD-1192,Electronics,263.65,197.230783832807,22.94,43.47921616719299,NULL,0
ORD-1193,Home,136.36,80.64321975927294,11.59,44.12678024072707,"Wrong Size",1
ORD-1194,Home,75.12,60.9159703537461,21.54,-7.335970353746092,NULL,0
ORD-1195,Clothing,313.1,228.4864108307126,8.07,76.54358916928743,"Wrong Size",1
ORD-1196,Clothing,158.54,126.53405978441428,6.16,25.84594021558571,NULL,0
ORD-1197,Beauty,298.99,160.250573162861,11.08,127.65942683713901,NULL,0
ORD-1198,Electronics,94.09,70.20802550718048,48.34,-24.45802550718048,NULL,0
ORD-1199,Home,250.95,133.51317752944436,29.73,87.70682247055562,NULL,0
ORD-1200,Home,275.64,239.67841783783916,48.46,-12.498417837839177,NULL,0
ORD-1201,Beauty,44.88,32.23223887760892,24.46,-11.81223887760892,NULL,0
ORD-1202,Home,181.57,102.08880377891842,19.03,60.451196221081574,NULL,0
ORD-1203,Electronics,84.52,45.19757130047144,27.78,11.542428699528557,NULL,0
ORD-1204,Beauty,50.42,24.981259209656134,24.78,0.6587407903438667,NULL,0
ORD-1205,Electronics,495.18,370.0581550124981,9.75,115.3718449875019,NULL,0
ORD-1206,Beauty,174.73,89.00008952956392,33.84,51.889910470436064,"Late Delivery",1
ORD-1207,Beauty,408.74,285.158128457601,14.72,108.86187154239903,NULL,0
ORD-1208,Clothing,142.23,75.71151993979679,32.88,33.6384800602032,NULL,0
ORD-1209,Electronics,347.12,253.73933005842383,34.26,59.120669941576175,NULL,0
ORD-1210,Home,384.91,310.8032254562695,11.84,62.26677454373052,"Late Delivery",1
ORD-1211,Home,305.91,241.36685106519045,7.76,56.78314893480958,NULL,0
ORD-1212,Electronics,246.36,192.26566694405372,40.13,13.964333055946291,NULL,0
ORD-1213,Home,217.68,107.50370663554472,25.69,84.48629336445529,NULL,0
ORD-1214,Home,187.46,83.26832108085894,7.62,96.57167891914106,NULL,0
ORD-1215,Electronics,466.17,349.38248768798235,49.77,67.01751231201766,NULL,0
ORD-1216,Beauty,418.7,244.59348920784745,7.6,166.50651079215254,NULL,0
ORD-1217,Electronics,483.21,297.74101003018075,36.28,149.18898996981923,NULL,0
ORD-1218,Beauty,79.66,33.10466836596077,49.27,-2.714668365960776,NULL,0
ORD-1219,Home,370.82,196.45606946008687,15.76,158.60393053991314,NULL,0
ORD-1220,Home,470.4,196.08069019127393,11.4,262.9193098087261,NULL,0
ORD-1221,Home,106.99,89.82804290530375,10.46,6.7019570946962475,NULL,0
ORD-1222,Clothing,51.92,27.086577896353056,18.65,6.183422103646947,"Wrong Size",1
ORD-1223,Beauty,375.74,255.00293404768104,9.55,111.18706595231897,NULL,0
ORD-1224,Clothing,295.75,124.06406704276466,36.15,135.53593295723533,"Not as Described",1
ORD-1225,Clothing,424.08,311.0303208524517,7.8,105.24967914754826,NULL,0
ORD-1226,Electronics,87.09,48.90222577086202,27.92,10.267774229137984,NULL,0
ORD-1227,Clothing,401.73,341.0525374882516,49.85,10.827462511748443,NULL,0
ORD-1228,Electronics,116.78,98.56922105185835,41.63,-23.41922105185835,NULL,0
ORD-1229,Electronics,98.55,55.44869521977512,32.68,10.42130478022488,"Not as Described",1
ORD-1230,Clothing,98.85,84.06999226950137,18.78,-3.9999922695013765,NULL,0
ORD-1231,Beauty,411,369.1104019039991,33.08,8.809598096000897,NULL,0
ORD-1232,Beauty,339.29,275.7436403403072,28.72,34.82635965969283,NULL,0
ORD-1233,Beauty,271.07,222.93763811800497,24.17,23.962361881995022,NULL,0
ORD-1234,Beauty,192.24,100.83071971480572,10.88,80.52928028519429,NULL,0
ORD-1235,Beauty,441.06,303.604180020101,44.9,92.55581997989898,"Wrong Size",1
ORD-1236,Clothing,208.37,90.35505739669023,25.24,92.77494260330978,NULL,0
ORD-1237,Clothing,411.97,184.33967121621166,13.76,213.87032878378838,NULL,0
ORD-1238,Home,230.78,207.5742185025214,21.55,1.6557814974785963,NULL,0
ORD-1239,Beauty,200.93,113.18781219357415,23.64,64.10218780642586,NULL,0
ORD-1240,Clothing,242.09,187.39992163395263,42.24,12.450078366047372,NULL,0
ORD-1241,Home,164.66,132.2767338156978,38.01,-5.626733815697811,NULL,0
ORD-1242,Beauty,378.85,314.0710581105444,39.62,25.158941889455612,NULL,0
ORD-1243,Electronics,261.31,234.86912519707877,5.5,20.94087480292123,NULL,0
ORD-1244,Home,131.46,68.45756397593394,23.73,39.27243602406607,NULL,0
ORD-1245,Clothing,451.8,189.83525178760618,26.66,235.30474821239383,NULL,0
ORD-1246,Electronics,204.27,123.70504569037705,5.86,74.70495430962296,NULL,0
ORD-1247,Electronics,280.91,130.63448048082475,16.69,133.58551951917528,NULL,0
ORD-1248,Electronics,455.11,187.14712320827147,39.21,228.75287679172854,NULL,0
ORD-1249,Home,319.63,185.4536133796166,11.17,123.0063866203834,NULL,0
ORD-1250,Clothing,76.11,60.26915914466812,29.09,-13.249159144668123,NULL,0
ORD-1251,Electronics,471.12,321.8175236249777,14.68,134.6224763750223,NULL,0
ORD-1252,Beauty,321.3,178.76778396664338,5.55,136.98221603335662,NULL,0
ORD-1253,Electronics,180.75,131.43615874640454,15.85,33.463841253595454,"Wrong Size",1
ORD-1254,Electronics,86.85,44.81538947991011,48.91,-6.875389479910112,NULL,0
ORD-1255,Home,401.13,163.33641473144775,41.07,196.72358526855226,NULL,0
ORD-1256,Home,317.63,248.44278306690123,48.18,21.007216933098768,NULL,0
ORD-1257,Clothing,276.06,196.51925800377919,26.95,52.590741996220814,NULL,0
ORD-1258,Beauty,449.07,350.7916197923231,9.94,88.33838020767689,NULL,0
ORD-1259,Home,398.53,167.17098389526768,29.66,201.6990161047323,NULL,0
ORD-1260,Electronics,92.8,75.96235073134226,25.45,-8.612350731342257,NULL,0
ORD-1261,Clothing,169.63,120.39711465607907,43,6.232885343920927,Damaged,1
ORD-1262,Electronics,139.27,94.9400352468747,9.41,34.91996475312531,Damaged,1
ORD-1263,Electronics,377.09,268.60385570175436,26.97,81.51614429824562,NULL,0
ORD-1264,Home,36.1,30.043020105973977,11.75,-5.693020105973975,NULL,0
ORD-1265,Clothing,293.55,203.56760575018362,19.61,70.3723942498164,NULL,0
ORD-1266,Beauty,385.98,266.5096138146198,38.18,81.29038618538021,NULL,0
ORD-1267,Beauty,440.85,394.71045319622147,26.42,19.719546803778556,NULL,0
ORD-1268,Home,184.2,143.3748483870151,21.91,18.915151612984882,NULL,0
ORD-1269,Home,414.2,257.2790471089301,22.75,134.17095289106987,NULL,0
ORD-1270,Clothing,73.1,55.0953603512035,25.68,-7.6753603512035085,NULL,0
ORD-1271,Beauty,426.3,253.48447504110473,40.33,132.48552495889527,"Wrong Size",1
ORD-1272,Beauty,81.19,41.767199399517644,45.14,-5.717199399517646,NULL,0
ORD-1273,Beauty,210.7,147.15834523012546,47.99,15.551654769874524,NULL,0
ORD-1274,Electronics,402.7,347.9694654552441,40.41,14.320534544755873,NULL,0
ORD-1275,Beauty,91.96,79.50583513031097,19.19,-6.735835130310978,NULL,0
ORD-1276,Electronics,130.04,74.24668118241898,35.97,19.82331881758101,NULL,0
ORD-1277,Clothing,366.68,243.41638665708558,24.69,98.57361334291443,NULL,0
ORD-1278,Electronics,365.62,184.93715861755635,16.46,164.22284138244365,NULL,0
ORD-1279,Clothing,327.75,294.2590480691295,42.84,-9.349048069129509,NULL,0
ORD-1280,Beauty,353.1,314.4563666340841,6.73,31.913633365915945,NULL,0
ORD-1281,Beauty,280.51,203.30087493611802,45.58,31.629125063881972,NULL,0
ORD-1282,Clothing,140.86,112.99888222308446,25.77,2.0911177769155493,NULL,0
ORD-1283,Home,185.93,140.8512864937392,33.67,11.40871350626081,NULL,0
ORD-1284,Clothing,107.17,74.6523831672299,34.67,-2.1523831672298996,NULL,0
ORD-1285,Home,456.06,194.58894375337835,45.28,216.19105624662163,NULL,0
ORD-1286,Electronics,300.03,188.23347284803745,33.65,78.14652715196252,NULL,0
ORD-1287,Electronics,212.41,156.62967922168983,32.63,23.150320778310167,NULL,0
ORD-1288,Electronics,241.76,178.6040214862598,8,55.155978513740195,NULL,0
ORD-1289,Beauty,474.7,278.44065348255276,28.33,167.92934651744724,NULL,0
ORD-1290,Electronics,93.61,81.51989343552913,11.76,0.3301065644708725,NULL,0
ORD-1291,Home,301.39,145.7758679729217,38.18,117.43413202707828,NULL,0
ORD-1292,Electronics,262.83,170.88673662441792,28.05,63.893263375582066,NULL,0
ORD-1293,Clothing,313.5,233.69606332434148,35.61,44.19393667565852,NULL,0
ORD-1294,Clothing,28.69,21.47641313551801,6.88,0.33358686448199304,NULL,0
ORD-1295,Beauty,438.62,317.70100960896895,8.82,112.09899039103107,NULL,0
ORD-1296,Clothing,467.42,251.30560836583425,37.23,178.88439163416578,NULL,0
ORD-1297,Home,291.26,139.25236259783276,8.24,143.76763740216722,NULL,0
ORD-1298,Electronics,354.39,254.44144621205905,8.21,91.73855378794093,NULL,0
ORD-1299,Beauty,462.8,323.79850967466587,5.54,133.46149032533415,NULL,0
ORD-1300,Electronics,359.47,176.02455250933676,48.04,135.40544749066328,NULL,0
ORD-1301,Electronics,93.22,70.15453557504397,38.19,-15.124535575043964,NULL,0
ORD-1302,Home,296.62,186.15455809401857,20.9,89.56544190598143,NULL,0
ORD-1303,Clothing,311.22,228.39822565936663,18.34,64.4817743406334,NULL,0
ORD-1304,Clothing,223.58,183.04126584750517,20.74,19.79873415249484,NULL,0
ORD-1305,Electronics,373.49,181.09193539459753,39.86,152.5380646054025,NULL,0
ORD-1306,Beauty,468.5,191.884685328259,34.76,241.85531467174098,NULL,0
ORD-1307,Clothing,464.27,366.56497889298595,13.33,84.37502110701404,NULL,0
ORD-1308,Beauty,236.4,166.6262356530392,12.83,56.943764346960805,NULL,0
ORD-1309,Clothing,74.35,55.74910100070237,9.43,9.170898999297627,"Not as Described",1
ORD-1310,Beauty,492.72,403.575859638202,34.71,54.43414036179801,NULL,0
ORD-1311,Home,422.67,338.73004891113584,39.4,44.53995108886418,NULL,0
ORD-1312,Beauty,79.84,70.29593226539869,16.93,-7.3859322653986865,NULL,0
ORD-1313,Home,462,308.6010032148393,5.94,147.4589967851607,"Not as Described",1
ORD-1314,Home,437.55,281.8906320351708,8.7,146.9593679648292,NULL,0
ORD-1315,Beauty,269.04,161.67786612930104,48.55,58.812133870698986,NULL,0
ORD-1316,Home,303.81,144.8704378632489,18.3,140.6395621367511,NULL,0
ORD-1317,Electronics,211.52,145.1669409496027,39.62,26.733059050397323,NULL,0
ORD-1318,Home,46.29,24.92745487552478,33.11,-11.747454875524781,NULL,0
ORD-1319,Clothing,180.89,155.68365794210257,22.19,3.0163420578974147,NULL,0
ORD-1320,Beauty,405.37,280.3520281649036,14.26,110.75797183509643,"Not as Described",1
ORD-1321,Electronics,22.22,15.474454405445105,10.46,-3.7144544054451067,NULL,0
ORD-1322,Beauty,180.08,103.98941646536599,32.68,43.41058353463402,"Late Delivery",1
ORD-1323,Clothing,211.12,89.93599599476681,39.86,81.32400400523319,NULL,0
ORD-1324,Clothing,277.95,115.59158979271109,33.98,128.3784102072889,NULL,0
ORD-1325,Clothing,461.53,282.3029345405126,28.86,150.36706545948738,NULL,0
ORD-1326,Home,186.25,82.37515083530528,6.89,96.98484916469472,NULL,0
ORD-1327,Home,186.54,131.21661554322878,48.58,6.74338445677121,NULL,0
ORD-1328,Beauty,374,314.34195205461594,40.94,18.718047945384058,NULL,0
ORD-1329,Beauty,237.06,199.47589320196414,18.18,19.404106798035862,NULL,0
ORD-1330,Electronics,127.81,93.24029693450031,49.1,-14.530296934500306,NULL,0
ORD-1331,Electronics,237.17,119.91692673521752,32.08,85.17307326478247,NULL,0
ORD-1332,Beauty,87.61,72.8475761976754,31.21,-16.447576197675396,NULL,0
ORD-1333,Home,104.67,88.24169993711675,38.66,-22.231699937116744,NULL,0
ORD-1334,Clothing,259.22,129.176271145753,41.53,88.51372885424703,NULL,0
ORD-1335,Beauty,221.08,169.94707952109067,34.54,16.592920478909342,"Wrong Size",1
ORD-1336,Electronics,459.13,249.42686024945496,10.76,198.94313975054504,"Not as Described",1
ORD-1337,Home,193.95,155.41604429042536,20.22,18.31395570957463,Damaged,1
ORD-1338,Beauty,298.68,268.399507971604,46.76,-16.479507971604,NULL,0
ORD-1339,Beauty,323.49,134.25255623200266,15.11,174.12744376799736,NULL,0
ORD-1340,Home,26.29,22.3118743058218,21.75,-17.7718743058218,NULL,0
ORD-1341,Beauty,338.5,240.78021781157287,24.44,73.27978218842713,NULL,0
ORD-1342,Home,105.46,93.51046550856101,24.77,-12.820465508561018,"Wrong Size",1
ORD-1343,Clothing,481.31,304.4308654403224,32.58,144.2991345596776,NULL,0
ORD-1344,Home,91.36,75.25268066850036,47.44,-31.33268066850036,NULL,0
ORD-1345,Home,219.02,94.44077445219735,15.83,108.74922554780267,NULL,0
ORD-1346,Home,60.97,34.60898184163685,10.47,15.891018158363151,NULL,0
ORD-1347,Beauty,498.5,216.1038720344891,13.89,268.5061279655109,NULL,0
ORD-1348,Beauty,261.05,231.7266624973557,44.91,-15.58666249735569,NULL,0
ORD-1349,Home,305.78,247.2191406827911,34.06,24.500859317208864,NULL,0
ORD-1350,Beauty,52.2,43.131487694519834,17.87,-8.801487694519832,"Not as Described",1
ORD-1351,Electronics,379.98,330.1960143201256,41.72,8.063985679874435,NULL,0
ORD-1352,Electronics,120.75,53.43812297448204,43.76,23.55187702551796,NULL,0
ORD-1353,Beauty,451.07,267.39375302749465,43.09,140.58624697250534,NULL,0
ORD-1354,Beauty,118.47,51.59575165252147,46.35,20.524248347478526,NULL,0
ORD-1355,Home,111.53,56.36687730793735,16.35,38.81312269206265,NULL,0
ORD-1356,Clothing,37.54,19.321195634997107,38.98,-20.761195634997105,NULL,0
ORD-1357,Beauty,246.59,156.47457358611123,25.72,64.39542641388877,NULL,0
ORD-1358,Electronics,291.12,155.5399090945522,42.89,92.6900909054478,"Late Delivery",1
ORD-1359,Home,51.54,23.218205812693704,37.78,-9.458205812693706,NULL,0
ORD-1360,Beauty,392.25,189.7491898485819,39.94,162.5608101514181,NULL,0
ORD-1361,Electronics,237.58,112.5268641943529,34.53,90.52313580564712,NULL,0
ORD-1362,Electronics,271.71,240.88134838037527,12.98,17.848651619624707,NULL,0
ORD-1363,Clothing,231.57,180.54268291355547,29.53,21.497317086444525,NULL,0
ORD-1364,Home,212.37,187.70975118964847,49.31,-24.64975118964847,NULL,0
ORD-1365,Home,288.63,178.9131483103888,47.18,62.53685168961119,NULL,0
ORD-1366,Clothing,94.52,50.96369444337715,6.94,36.61630555662285,"Not as Described",1
ORD-1367,Clothing,107.33,85.772404428231,12.42,9.137595571769,"Late Delivery",1
ORD-1367,Clothing,107.33,85.772404428231,12.42,9.137595571769,"Late Delivery",1
ORD-1368,Home,433.66,244.2056370488619,10.93,178.52436295113813,NULL,0
ORD-1369,Home,474.14,260.63081640432694,37.67,175.83918359567303,NULL,0
ORD-1370,Beauty,199.19,102.83243429393895,41.8,54.557565706061055,NULL,0
ORD-1371,Beauty,149.96,69.70732978725317,14.61,65.64267021274684,NULL,0
ORD-1372,Clothing,329.12,173.85156132091902,27.76,127.50843867908098,NULL,0
ORD-1373,Beauty,216.19,124.8842882112849,42.83,48.4757117887151,NULL,0
ORD-1374,Electronics,32.19,23.72393678010553,37.98,-29.513936780105528,NULL,0
ORD-1375,Beauty,94.95,40.95026588436847,29.4,24.599734115631534,"Wrong Size",1
ORD-1376,Beauty,363.67,183.74552937404766,31.57,148.35447062595236,NULL,0
ORD-1377,Electronics,336.28,270.54123487864246,27.88,37.85876512135752,NULL,0
ORD-1378,Clothing,33.01,15.628946348750135,18.39,-1.0089463487501362,NULL,0
ORD-1379,Electronics,126.55,72.30087164621256,30.43,23.81912835378744,NULL,0
ORD-1380,Beauty,130.92,108.96857302483384,36,-14.048573024833857,NULL,0
ORD-1381,Clothing,342.51,163.5357341598703,44.3,134.6742658401297,NULL,0
ORD-1382,Beauty,29.46,13.002713588655938,33.63,-17.172713588655938,NULL,0
ORD-1383,Electronics,69.97,44.93956175787418,39.25,-14.219561757874182,NULL,0
ORD-1384,Electronics,403.96,222.66669288803877,12.2,169.09330711196122,"Not as Described",1
ORD-1385,Beauty,105.7,72.0561320629717,25.77,7.8738679370283045,NULL,0
ORD-1386,Home,333.32,267.29012304797595,5.42,60.60987695202404,NULL,0
ORD-1387,Home,134.33,62.943578206779,16.1,55.28642179322102,NULL,0
ORD-1388,Electronics,67.73,46.75737449843086,37.69,-16.717374498430857,NULL,0
ORD-1389,Electronics,136.72,89.24457886025111,49.63,-2.154578860251114,NULL,0
ORD-1390,Home,366.69,173.09212502159008,9.46,184.1378749784099,NULL,0
ORD-1391,Home,430.73,306.67943383594934,23.07,100.98056616405069,NULL,0
ORD-1392,Beauty,418.51,224.66462563945578,41,152.8453743605442,NULL,0
ORD-1393,Beauty,210.65,135.64114960064813,14.18,60.82885039935187,NULL,0
ORD-1394,Home,340.68,150.28626771735472,29.98,160.4137322826453,NULL,0
ORD-1395,Beauty,118.39,74.56107826676042,37.99,5.83892173323958,NULL,0
ORD-1396,Beauty,160.71,88.90987197458082,32.72,39.080128025419185,NULL,0
ORD-1397,Clothing,450.24,365.23045826204697,13.46,71.54954173795304,NULL,0
ORD-1398,Beauty,26.24,11.243560898205471,20.99,-5.993560898205471,NULL,0
ORD-1399,Electronics,61.04,37.19189403050743,40.27,-16.42189403050743,NULL,0
ORD-1400,Beauty,119.79,75.37375014835249,29.94,14.47624985164752,NULL,0
ORD-1401,Beauty,32.74,24.96434946901658,5.24,2.535650530983423,NULL,0
ORD-1402,Home,107.09,73.58622820820536,39.24,-5.736228208205354,NULL,0
ORD-1403,Electronics,299.86,219.97914571552357,6.59,73.29085428447644,"Late Delivery",1
ORD-1404,Beauty,222.28,175.27325760733618,38.56,8.446742392663822,NULL,0
ORD-1405,Beauty,448.48,372.7323948131123,14.11,61.63760518688771,Damaged,1
ORD-1406,Clothing,412.37,229.66441929172257,48.11,134.59558070827745,NULL,0
ORD-1407,Beauty,184.07,123.1449196881668,21.56,39.365080311833196,"Late Delivery",1
ORD-1408,Beauty,144.52,118.5142097480166,19.71,6.295790251983412,NULL,0
ORD-1409,Clothing,202.25,180.95824561884135,11.7,9.591754381158655,NULL,0
ORD-1410,Home,303.34,256.2493939060075,18.75,28.34060609399245,NULL,0
ORD-1411,Beauty,148.67,87.08101896718304,44.45,17.138981032816943,"Wrong Size",1
ORD-1412,Clothing,319.59,159.02263361895425,49.84,110.72736638104573,NULL,0
ORD-1413,Electronics,216.52,139.58963609963732,21.57,55.36036390036269,Damaged,1
ORD-1414,Home,284.98,219.66849047211767,25.19,40.12150952788235,NULL,0
ORD-1415,Electronics,229.34,148.21889534328065,37.49,43.63110465671935,NULL,0
ORD-1416,Electronics,161.34,103.51420024351364,44.88,12.945799756486359,"Not as Described",1
ORD-1417,Clothing,475.26,389.29269496166825,31.69,54.27730503833175,NULL,0
ORD-1418,Beauty,386.53,224.45870136141974,22.62,139.45129863858023,NULL,0
ORD-1419,Clothing,87.25,72.40854268865804,23.57,-8.728542688658045,NULL,0
ORD-1420,Clothing,436.86,263.602372671885,36.3,136.957627328115,NULL,0
ORD-1421,Clothing,253.97,143.26868092456394,5.14,105.56131907543606,NULL,0
ORD-1422,Clothing,449.39,281.7652630970164,32.88,134.74473690298362,NULL,0
ORD-1423,Home,403.93,315.5596000087698,21,67.37039999123022,NULL,0
ORD-1424,Beauty,224.1,103.75852722216057,40.74,79.60147277783943,NULL,0
ORD-1425,Electronics,30.79,15.339873828349708,9.18,6.270126171650292,"Not as Described",1
ORD-1426,Electronics,148.97,130.4563678395154,31.47,-12.956367839515394,"Late Delivery",1
ORD-1427,Beauty,279.98,136.55907291711623,26.64,116.78092708288379,NULL,0
ORD-1428,Electronics,324.07,221.61969596095844,33.9,68.55030403904155,"Late Delivery",1
ORD-1429,Beauty,143.79,99.16581358066001,7.92,36.704186419339976,NULL,0
ORD-1430,Electronics,86.89,56.02773475377289,31.1,-0.23773475377289088,NULL,0
ORD-1431,Clothing,420.77,303.95272912183395,30.27,86.54727087816603,NULL,0
ORD-1432,Electronics,492.51,253.5999803612925,30.23,208.6800196387075,NULL,0
ORD-1433,Beauty,272.33,184.18525769182094,32.16,55.98474230817905,NULL,0
ORD-1434,Beauty,102.41,60.02113153491737,35.44,6.948868465082626,NULL,0
ORD-1435,Beauty,150.71,110.14393634935755,41.22,-0.6539363493575365,"Not as Described",1
ORD-1436,Beauty,28.83,13.56773737772395,17.14,-1.8777373777239514,NULL,0
ORD-1437,Beauty,458.86,314.52040574548107,42.13,102.20959425451895,NULL,0
ORD-1438,Home,76.52,37.696443796965966,27.42,11.403556203034029,"Late Delivery",1
ORD-1439,Home,296.73,160.03287805906237,8.47,128.22712194093765,NULL,0
ORD-1440,Electronics,151.55,77.19273511951953,7.63,66.72726488048049,NULL,0
ORD-1441,Beauty,286.01,140.5507167101402,20.04,125.4192832898598,NULL,0
ORD-1442,Electronics,332.68,270.42075968260133,40.32,21.939240317398678,NULL,0
ORD-1443,Beauty,418.28,227.06488070059862,36.85,154.36511929940136,NULL,0
ORD-1444,Beauty,119.08,102.83294997220932,40.49,-24.242949972209324,"Late Delivery",1
ORD-1445,Home,25.28,22.371871280363212,28.28,-25.371871280363212,NULL,0
ORD-1446,Home,85.71,58.7653674391543,24.81,2.1346325608456915,NULL,0
ORD-1447,Clothing,452.01,213.1229687280675,11.64,227.24703127193249,NULL,0
ORD-1448,Home,439.47,258.08935825901233,19.77,161.6106417409877,NULL,0
ORD-1449,Clothing,306.76,245.06017455234905,24.53,37.169825447650936,NULL,0
ORD-1450,Clothing,308.25,179.92409606043597,8.99,119.33590393956403,"Not as Described",1
ORD-1450,Clothing,308.25,179.92409606043597,8.99,119.33590393956403,"Not as Described",1
ORD-1451,Clothing,339.22,150.44699039633602,14.93,173.843009603664,NULL,0
ORD-1452,Clothing,104.18,70.67492601024932,31.92,1.5850739897506827,NULL,0
ORD-1453,Clothing,458.92,377.48943058428017,38.1,43.33056941571984,Damaged,1
ORD-1454,Electronics,221.01,176.35784541129274,49.93,-5.277845411292752,"Not as Described",1
ORD-1455,Home,203.91,99.41867975199017,46.99,57.501320248009826,NULL,0
ORD-1456,Clothing,269.08,198.14575122305328,33.92,37.0142487769467,NULL,0
ORD-1457,Beauty,42.54,21.706125683276216,23.96,-3.126125683276218,NULL,0
ORD-1458,Home,99.82,50.81873804949891,33.63,15.37126195050108,NULL,0
ORD-1459,Home,374.26,313.2690509385993,40.35,20.64094906140067,NULL,0
ORD-1460,Clothing,59.74,31.35361161835068,10.33,18.05638838164932,NULL,0
ORD-1461,Electronics,309.51,164.5428431103948,23.45,121.51715688960518,NULL,0
ORD-1462,Clothing,137.77,55.15300882259213,42.79,39.82699117740788,NULL,0
ORD-1463,Electronics,206.86,172.7972981996023,22.27,11.792701800397719,NULL,0
ORD-1464,Beauty,158.57,126.26887976528624,30.73,1.5711202347137494,NULL,0
ORD-1465,Home,190.72,136.11008725024703,31.45,23.159912749752966,NULL,0
ORD-1466,Beauty,365.14,283.03202052231444,13.3,68.80797947768555,NULL,0
ORD-1467,Electronics,162.62,77.41106901728543,21.3,63.90893098271458,NULL,0
ORD-1468,Electronics,291.87,183.63345377613783,20.05,88.18654622386218,NULL,0
ORD-1469,Beauty,248.5,143.039008878086,6.18,99.28099112191398,NULL,0
ORD-1470,Electronics,338.56,151.29849036478777,6.09,181.17150963521223,NULL,0
ORD-1471,Beauty,469.68,302.0348831478728,42.43,125.21511685212721,NULL,0
ORD-1472,Home,371.63,319.7392381284168,17.29,34.60076187158321,NULL,0
ORD-1473,Beauty,123.17,51.73504084673702,28.31,43.12495915326298,NULL,0
ORD-1474,Home,34.97,19.084194072438986,18.44,-2.554194072438989,NULL,0
ORD-1475,Beauty,145.89,73.49507359152504,47.33,25.064926408474946,NULL,0
ORD-1476,Electronics,305.64,158.64957161319174,16.67,130.32042838680826,"Wrong Size",1
ORD-1477,Beauty,44.68,38.16642788898525,24.33,-17.816427888985245,NULL,0
ORD-1478,Electronics,258.26,163.74575697327387,44.27,50.24424302672612,NULL,0
ORD-1479,Beauty,306.48,194.04772203889786,42.89,69.54227796110216,NULL,0
ORD-1480,Beauty,180.44,140.79513446231556,13.37,26.27486553768444,NULL,0
ORD-1481,Clothing,390.04,186.14506962504066,41.12,162.77493037495935,NULL,0
ORD-1482,Electronics,71.17,45.807337625650305,25.62,-0.2573376256503046,NULL,0
ORD-1483,Clothing,56.07,34.48263547788391,26.73,-5.1426354778839105,NULL,0
ORD-1484,Electronics,369.53,258.1002037388529,11.01,100.41979626114708,"Not as Described",1
ORD-1485,Clothing,257.84,231.99897910304654,8.63,17.211020896953436,NULL,0
ORD-1486,Home,350.43,274.99098797658587,37.76,37.67901202341414,NULL,0
ORD-1487,Beauty,228.72,136.98792179707297,27.34,64.39207820292702,NULL,0
ORD-1488,Electronics,138.27,112.52088026896625,24.66,1.0891197310337581,NULL,0
ORD-1489,Electronics,413.17,200.53378723490874,37.83,174.8062127650913,NULL,0
ORD-1490,Beauty,403.72,167.63739971832672,39.45,196.63260028167332,NULL,0
ORD-1491,Electronics,353.45,177.51113862374868,12.15,163.7888613762513,NULL,0
ORD-1492,Electronics,150.63,85.89009634874547,32.46,32.27990365125452,NULL,0
ORD-1493,Clothing,303.31,198.75612477252955,11.09,93.46387522747045,Damaged,1
ORD-1494,Electronics,193.27,136.75100449619885,38.81,17.708995503801162,NULL,0
ORD-1495,Home,63.96,54.70517083651721,34.56,-25.305170836517213,NULL,0
ORD-1496,Home,460.31,301.4694495680856,48.05,110.79055043191438,NULL,0
ORD-1497,Beauty,85.67,55.74014223754312,8.1,21.829857762456882,NULL,0
ORD-1498,Electronics,476.11,202.40459970341,7.57,266.13540029659003,NULL,0
ORD-1499,Beauty,234.08,97.71804812288444,17.7,118.66195187711558,NULL,0
ORD-1500,Home,108.86,73.54363672710814,16.78,18.53636327289186,NULL,0
ORD-1501,Electronics,280.11,173.4131056784969,16.11,90.58689432150312,NULL,0
ORD-1502,Electronics,439.01,359.8082926001505,45.78,33.42170739984951,NULL,0
ORD-1503,Beauty,371.47,178.4318226664546,16.23,176.80817733354544,NULL,0
ORD-1504,Home,407.15,167.94360611547836,17.24,221.9663938845216,NULL,0
ORD-1505,Electronics,336.22,209.97590727673347,39.17,87.07409272326656,NULL,0
ORD-1506,Beauty,352.29,182.7466603791264,25.24,144.3033396208736,NULL,0
ORD-1507,Home,427.61,181.65180109171015,39.95,206.00819890828984,NULL,0
ORD-1508,Beauty,139.84,106.59991221638622,7.94,25.300087783613787,NULL,0
ORD-1509,Clothing,254.92,116.19164377455077,26.94,111.7883562254492,NULL,0
ORD-1510,Electronics,126.18,88.85087725549032,6.51,30.81912274450969,NULL,0
ORD-1511,Clothing,494.08,267.0625302812283,7.82,219.19746971877169,NULL,0
ORD-1512,Home,473.15,230.30482811273933,45.79,197.05517188726066,NULL,0
ORD-1513,Clothing,38.92,22.957964636009923,11.27,4.69203536399008,NULL,0
ORD-1514,Clothing,358.68,287.20328550782455,28.96,42.51671449217546,"Late Delivery",1
ORD-1515,Home,464.12,276.6372354564752,23.5,163.9827645435248,NULL,0
ORD-1516,Beauty,106.68,82.71805308891773,20.63,3.33194691108228,NULL,0
ORD-1517,Clothing,292.61,135.40327265319976,45.49,111.71672734680024,"Wrong Size",1
ORD-1518,Beauty,459.43,361.28918666836364,5.98,92.16081333163636,NULL,0
ORD-1519,Clothing,36.29,18.815155180431137,34.87,-17.395155180431136,"Late Delivery",1
ORD-1520,Beauty,354.76,262.05999337968825,48.35,44.35000662031174,NULL,0
ORD-1521,Home,162.73,111.12681620963767,30.21,21.393183790362322,NULL,0
ORD-1522,Clothing,463.71,400.9108484091158,47.16,15.639151590884211,NULL,0
ORD-1523,Home,486.11,288.58467460649,7.35,190.17532539351,NULL,0
ORD-1524,Clothing,473.25,204.9563378079495,23.85,244.44366219205054,NULL,0
ORD-1525,Home,247.62,101.41964066610063,16.71,129.49035933389936,NULL,0
ORD-1526,Home,433.78,352.84935328938036,37.89,43.04064671061961,NULL,0
ORD-1527,Clothing,425.38,281.75802277420996,49.16,94.46197722579004,NULL,0
ORD-1528,Clothing,173.17,136.39250622812906,16.54,20.237493771870923,NULL,0
ORD-1529,Clothing,417.88,216.1328848664059,34.44,167.3071151335941,NULL,0
ORD-1530,Electronics,37.76,21.619181115289855,13.91,2.2308188847101427,NULL,0
ORD-1531,Beauty,306.21,127.09305335491399,30.44,148.676946645086,Damaged,1
ORD-1532,Electronics,130.4,114.84929956223212,25.88,-10.329299562232112,NULL,0
ORD-1533,Electronics,77.87,57.15143694739618,48.74,-28.021436947396175,NULL,0
ORD-1534,Home,56.94,49.34434884850745,32.38,-24.784348848507456,NULL,0
ORD-1535,Clothing,354.22,188.710068719763,20.73,144.77993128023704,NULL,0
ORD-1536,Beauty,183.14,129.24772287993375,10.13,43.76227712006624,NULL,0
ORD-1537,Home,367.89,271.9626766675893,11.81,84.1173233324107,NULL,0
ORD-1538,Electronics,51.37,28.70426405111616,15.14,7.525735948883838,NULL,0
ORD-1539,Clothing,171.34,141.19351816378904,16.29,13.856481836210968,NULL,0
ORD-1540,Home,278.96,243.69408084532657,43.28,-8.014080845326589,NULL,0
ORD-1541,Clothing,399.55,336.59193113771926,30.26,32.69806886228075,NULL,0
ORD-1542,Home,173,133.1292934187557,28.55,11.320706581244291,NULL,0
ORD-1543,Clothing,320.43,172.6260036621335,10.16,137.6439963378665,NULL,0
ORD-1544,Electronics,445.27,240.8055875341873,43.71,160.75441246581266,NULL,0
ORD-1545,Beauty,315.61,278.26707536798705,37.53,-0.18707536798703472,NULL,0
ORD-1546,Electronics,131.82,53.40585112712146,8.05,70.36414887287854,NULL,0
ORD-1547,Beauty,31.71,24.0369723257542,36.85,-29.1769723257542,NULL,0
ORD-1548,Clothing,437.65,329.6043165211552,29.46,78.58568347884474,NULL,0
ORD-1549,Home,30.21,21.489725516046693,8.68,0.040274483953307794,NULL,0
ORD-1550,Electronics,439.86,393.6986385198844,25.62,20.5413614801156,NULL,0
ORD-1551,Beauty,273.89,152.26632933066332,26.81,94.81367066933666,NULL,0
ORD-1552,Electronics,470.75,268.3208774403358,12.46,189.9691225596642,NULL,0
ORD-1553,Beauty,403.42,177.29086696834975,47.56,178.56913303165027,NULL,0
ORD-1554,Electronics,499.01,310.0843490583452,43.25,145.6756509416548,NULL,0
ORD-1555,Beauty,188.34,99.91893971553566,35.11,53.31106028446435,NULL,0
ORD-1556,Beauty,388.25,221.9599435602352,25.8,140.4900564397648,NULL,0
ORD-1557,Clothing,212.93,174.0246856495654,23.53,15.375314350434593,NULL,0
ORD-1558,Beauty,250.34,217.23059655823664,34.29,-1.180596558236637,NULL,0
ORD-1559,Clothing,321.2,158.3087313640328,29.54,133.3512686359672,NULL,0
ORD-1560,Beauty,439.37,257.5826246283232,7.8,173.98737537167682,NULL,0
ORD-1561,Home,492.36,425.55427178156776,28.06,38.74572821843225,NULL,0
ORD-1562,Home,388.77,167.52263763107453,41.29,179.95736236892546,NULL,0
ORD-1563,Home,220.53,98.39613363220116,25.67,96.46386636779884,NULL,0
ORD-1564,Beauty,222.25,106.99014867554224,7.34,107.91985132445775,"Not as Described",1
ORD-1565,Clothing,374.04,260.9327042384081,40.38,72.7272957615919,NULL,0
ORD-1566,Clothing,134.61,63.97153620005867,14.06,56.578463799941346,NULL,0
ORD-1567,Beauty,73.03,64.56130906867354,16.64,-8.171309068673537,NULL,0
ORD-1568,Home,190.22,118.57501868755786,12.41,59.234981312442144,NULL,0
ORD-1569,Home,157.87,102.7353202002404,19.86,35.27467979975961,NULL,0
ORD-1570,Clothing,162.23,84.89971362105554,39.05,38.28028637894445,NULL,0
ORD-1571,Home,132.13,83.96598907710067,28.37,19.79401092289932,NULL,0
ORD-1572,Electronics,40.2,29.384464016003935,14.22,-3.4044640160039332,NULL,0
ORD-1573,Clothing,28.58,22.16632128707327,44.5,-38.086321287073275,NULL,0
ORD-1574,Home,494.11,383.8908791738976,44.58,65.63912082610243,NULL,0
ORD-1575,Clothing,225.33,155.24010221167947,44.18,25.909897788320542,Damaged,1
ORD-1576,Electronics,204.48,174.25374339537197,15.75,14.47625660462802,NULL,0
ORD-1577,Clothing,346.23,279.9975594863971,25.31,40.92244051360291,NULL,0
ORD-1578,Clothing,124.76,97.12866139490026,49.32,-21.688661394900258,NULL,0
ORD-1579,Clothing,475.98,203.62555810473285,39.74,232.6144418952672,Damaged,1
ORD-1580,Clothing,397.45,160.34682304209983,6.22,230.88317695790016,NULL,0
ORD-1581,Electronics,62.92,31.851591340569584,7.93,23.138408659430418,"Not as Described",1
ORD-1582,Beauty,220.44,161.30957052114073,25.88,33.250429478859274,NULL,0
ORD-1583,Clothing,441.98,267.66253306815383,45.91,128.4074669318462,NULL,0
ORD-1584,Clothing,473.47,284.6516457952226,29.24,159.57835420477744,NULL,0
ORD-1585,Home,244.35,205.81440306945305,27.4,11.135596930546946,"Late Delivery",1
ORD-1586,Clothing,314.44,266.5763909832877,9.75,38.1136090167123,NULL,0
ORD-1587,Home,100.18,85.61258897644412,34.56,-19.99258897644411,"Late Delivery",1
ORD-1588,Beauty,495.76,276.10809760654496,41.99,177.66190239345502,"Not as Described",1
ORD-1589,Electronics,131.2,97.81326131569557,22.12,11.266738684304418,NULL,0
ORD-1590,Electronics,472.51,253.17869724197618,39.9,179.4313027580238,NULL,0
ORD-1591,Beauty,331.83,164.35703045454733,48.4,119.07296954545265,NULL,0
ORD-1592,Electronics,311.71,153.45989163987423,14.17,144.08010836012576,NULL,0
ORD-1593,Beauty,266.09,151.95170841779685,28.55,85.58829158220313,NULL,0
ORD-1594,Beauty,130.72,80.39003002880915,17.92,32.40996997119085,NULL,0
ORD-1595,Beauty,104.73,85.40465334229867,40.68,-21.35465334229867,NULL,0
ORD-1596,Electronics,125.83,57.87494814583568,30.99,36.965051854164315,NULL,0
ORD-1597,Home,109.49,84.02951551563348,33.56,-8.099515515633485,"Late Delivery",1
ORD-1598,Beauty,394.2,262.4297635867121,40.91,90.86023641328788,NULL,0
ORD-1599,Clothing,188.06,102.29950057182357,22.82,62.94049942817643,NULL,0
ORD-1600,Electronics,47.76,30.87253167864385,46.18,-29.29253167864385,NULL,0
ORD-1601,Beauty,485.17,266.8294469968591,28.99,189.35055300314093,"Not as Described",1
ORD-1602,Beauty,444.22,310.08376307798017,12.11,122.02623692201986,NULL,0
ORD-1603,Clothing,465.32,287.06612709150113,36.32,141.93387290849887,NULL,0
ORD-1604,Home,497.56,239.92480752424348,40.7,216.93519247575654,NULL,0
ORD-1605,Home,103.47,47.41942536213897,19.25,36.800574637861025,NULL,0
ORD-1606,Home,210.2,141.53771618578088,43.57,25.09228381421911,NULL,0
ORD-1607,Beauty,383.95,326.82074206509975,45.78,11.349257934900237,NULL,0
ORD-1608,Beauty,354.09,202.53198861660545,17.46,134.09801138339452,NULL,0
ORD-1609,Beauty,93.87,71.95136003249382,49.26,-27.341360032493817,NULL,0
ORD-1610,Electronics,411.6,300.1925068466041,11.33,100.07749315339593,NULL,0
ORD-1611,Clothing,127.73,110.585754602375,14.09,3.0542453976249995,"Not as Described",1
ORD-1612,Beauty,127.43,103.28080551721476,13.29,10.859194482785249,NULL,0
ORD-1613,Clothing,277.75,189.7873053304962,45.23,42.73269466950381,NULL,0
ORD-1614,Clothing,304.61,221.91303003354574,34.44,48.25696996645428,NULL,0
ORD-1615,Home,298.44,253.43322854366968,11.84,33.16677145633031,NULL,0
ORD-1616,Electronics,63.91,38.3306227614755,24.81,0.7693772385244948,"Late Delivery",1
ORD-1617,Beauty,441.18,248.55964416516713,32.69,159.93035583483288,NULL,0
ORD-1618,Home,147.49,59.793263362677564,8.76,78.93673663732244,"Late Delivery",1
ORD-1619,Home,82.17,66.82685088315631,44.71,-29.36685088315631,NULL,0
ORD-1620,Beauty,446.6,357.4989904000714,41.16,47.941009599928606,NULL,0
ORD-1621,Clothing,478.71,216.48571117986174,27.73,234.49428882013822,"Late Delivery",1
ORD-1622,Home,433.82,298.654134541494,48.52,86.645865458506,NULL,0
ORD-1623,Clothing,408.57,258.2125012100226,23.8,126.5574987899774,"Not as Described",1
ORD-1624,Electronics,334.52,153.66328331485397,49.28,131.576716685146,NULL,0
ORD-1625,Clothing,284.41,253.20570472917024,35.06,-3.8557047291702133,NULL,0
ORD-1626,Electronics,61.75,31.328735525431096,33.56,-3.1387355254310982,NULL,0
ORD-1627,Clothing,216.06,93.68730847518333,12.47,109.90269152481667,NULL,0
ORD-1628,Home,198.89,138.71059765456738,44.69,15.489402345432609,NULL,0
ORD-1629,Home,144.68,111.32161542380359,24.24,9.118384576196416,NULL,0
ORD-1630,Electronics,367.24,152.8532655631845,12.3,202.0867344368155,NULL,0
ORD-1631,Beauty,258.02,188.18916257217313,5.57,64.26083742782686,NULL,0
ORD-1632,Electronics,58.9,39.235995746770335,30.19,-10.525995746770338,NULL,0
ORD-1633,Electronics,125.69,56.76568948275242,28.73,40.19431051724757,Damaged,1
ORD-1634,Clothing,347.96,169.19970411112806,37.37,141.39029588887192,"Wrong Size",1
ORD-1635,Clothing,56.54,38.67263338512559,45.06,-27.192633385125596,NULL,0
ORD-1636,Electronics,428.58,234.93847299976255,8.57,185.07152700023744,NULL,0
ORD-1637,Home,257.67,223.95590690079234,37.92,-4.205906900792328,NULL,0
ORD-1638,Clothing,250.68,202.8929003635309,13.43,34.357099636469094,NULL,0
ORD-1639,Beauty,304.36,271.42325748724926,43.62,-10.683257487249243,NULL,0
ORD-1640,Clothing,415.85,220.33205918876487,41.86,153.65794081123516,NULL,0
ORD-1641,Clothing,186.95,165.4249165757909,29.34,-7.8149165757909,NULL,0
ORD-1642,Beauty,345.45,212.66487015974684,36.96,95.82512984025314,NULL,0
ORD-1643,Electronics,291.55,167.2795523868626,19.15,105.1204476131374,NULL,0
ORD-1644,Beauty,148.17,62.99814470552453,26.2,58.971855294475446,NULL,0
ORD-1645,Electronics,441.74,188.35026250345044,41.97,211.41973749654957,NULL,0
ORD-1646,Electronics,402.76,300.46122672253733,25.67,76.62877327746266,"Not as Described",1
ORD-1647,Electronics,336.06,211.36980893474973,21.1,103.59019106525028,NULL,0
ORD-1648,Beauty,428.28,219.8193409993717,27.24,181.22065900062827,NULL,0
ORD-1649,Electronics,436.3,308.4576223248495,42.27,85.57237767515048,NULL,0
ORD-1650,Home,360.01,189.51972557561123,20.08,150.41027442438877,NULL,0
ORD-1651,Beauty,421.77,290.52187251492353,12.82,118.42812748507646,NULL,0
ORD-1652,Home,354.79,205.63783567099438,37.04,112.11216432900565,NULL,0
ORD-1653,Electronics,346.47,281.25606997709855,42.17,23.043930022901478,NULL,0
ORD-1654,Clothing,316.93,256.8236171159077,9.53,50.57638288409228,"Not as Described",1
ORD-1655,Electronics,381.3,243.52685340203584,15.79,121.98314659796418,NULL,0
ORD-1656,Home,96.13,55.31412049018752,11.39,29.425879509812475,NULL,0
ORD-1657,Home,442.82,257.4023645561491,20.66,164.7576354438509,NULL,0
ORD-1658,Beauty,438.48,352.0368526075001,25.27,61.1731473924999,NULL,0
ORD-1659,Clothing,34.04,19.201614797215356,38.7,-23.86161479721536,NULL,0
ORD-1660,Beauty,416.39,210.0811163088968,34.3,172.00888369110316,NULL,0
ORD-1661,Home,81.86,36.21029383295631,32.94,12.709706167043691,NULL,0
ORD-1662,Electronics,180.86,114.54705892157705,20.86,45.45294107842297,NULL,0
ORD-1663,Clothing,376.88,241.604972720455,42.87,92.40502727954498,NULL,0
ORD-1664,Electronics,97.16,79.71534515137323,26.21,-8.765345151373232,NULL,0
ORD-1665,Electronics,412.62,210.69175546378747,49.06,152.86824453621253,NULL,0
ORD-1666,Clothing,419.42,247.6656800010002,33.54,138.21431999899983,NULL,0
ORD-1667,Beauty,263.58,211.97179232879952,10.68,40.92820767120046,NULL,0
ORD-1668,Electronics,23.07,18.728498349989408,35.43,-31.088498349989408,NULL,0
ORD-1669,Home,157.78,93.45396778396503,19.63,44.69603221603498,NULL,0
ORD-1670,Electronics,316.12,199.0171431206928,35.88,81.22285687930722,NULL,0
ORD-1671,Clothing,490.97,270.8401369151362,8.13,211.99986308486382,"Late Delivery",1
ORD-1672,Clothing,323.27,280.0415077733055,12.87,30.358492226694473,NULL,0
ORD-1673,Clothing,144.71,66.46846967023205,43.51,34.731530329767956,NULL,0
ORD-1674,Beauty,324.32,281.1448064339184,15.22,27.95519356608159,NULL,0
ORD-1675,Electronics,279.19,207.14033734395474,42.67,29.379662656045255,NULL,0
ORD-1676,Beauty,394.33,262.53942348447936,17.57,114.22057651552063,NULL,0
ORD-1677,Beauty,71.35,29.705111993486888,33.93,7.714888006513107,"Late Delivery",1
ORD-1678,Clothing,385.29,245.73722837355078,36.24,103.31277162644923,NULL,0
ORD-1679,Clothing,279.81,168.96999863040728,28.07,82.77000136959273,NULL,0
ORD-1680,Beauty,482.24,231.76907994344157,18.74,231.73092005655843,NULL,0
ORD-1681,Electronics,184.1,134.06250400223547,14.57,35.46749599776452,NULL,0
ORD-1682,Home,323.66,286.62535133940975,6.49,30.544648660590276,NULL,0
ORD-1683,Beauty,467.37,318.32309231361353,18.68,130.36690768638647,"Late Delivery",1
ORD-1684,Electronics,69.2,52.41046336496053,34.39,-17.600463364960525,"Late Delivery",1
ORD-1685,Clothing,469.87,204.02940707359716,47.22,218.62059292640285,NULL,0
ORD-1686,Clothing,350.19,213.2074026325767,44.2,92.78259736742329,NULL,0
ORD-1687,Electronics,52.56,24.081900990122953,39.47,-10.99190099012295,NULL,0
ORD-1688,Home,164.46,116.17420155616726,40.48,7.8057984438327495,NULL,0
ORD-1689,Clothing,359.92,312.8572491922193,34.92,12.142750807780729,NULL,0
ORD-1690,Clothing,52.33,38.247414370120424,16.71,-2.6274143701204267,NULL,0
ORD-1691,Clothing,299.44,131.2749523936352,45.82,122.3450476063648,"Not as Described",1
ORD-1692,Electronics,186.02,107.39550372566256,35.18,43.444496274337446,NULL,0
ORD-1693,Beauty,318.04,214.78249059868423,30.22,73.03750940131579,NULL,0
ORD-1694,Clothing,41.96,25.243298723675636,9.99,6.7267012763243645,NULL,0
ORD-1695,Beauty,438.34,358.0457577758435,25.12,55.174242224156444,"Not as Described",1
ORD-1696,Home,487.27,393.3903702325182,25.72,68.15962976748179,NULL,0
ORD-1697,Clothing,485.06,342.41137730563435,43.91,98.73862269436566,NULL,0
ORD-1698,Clothing,379.83,222.85726564987775,29.6,127.37273435012224,NULL,0
ORD-1699,Home,82.44,43.50096532652093,22.12,16.81903467347907,NULL,0
ORD-1700,Clothing,383.97,173.91428098214766,48.96,161.09571901785236,NULL,0
ORD-1701,Beauty,31.8,18.36287316743621,9.98,3.457126832563791,Damaged,1
ORD-1702,Electronics,30.62,18.573671238450185,24.01,-11.963671238450186,NULL,0
ORD-1703,Beauty,175.33,129.37801672924863,6.89,39.061983270751384,NULL,0
ORD-1704,Electronics,254.55,185.58729163747367,38.3,30.662708362526345,NULL,0
ORD-1705,Electronics,389.8,169.584076416081,46.31,173.90592358391902,NULL,0
ORD-1706,Beauty,347.98,207.96316829186713,17.6,122.41683170813289,NULL,0
ORD-1707,Beauty,234.03,114.88285414743962,43.63,75.51714585256039,NULL,0
ORD-1708,Beauty,151.34,72.40201741132269,18.15,60.787982588677316,NULL,0
ORD-1709,Beauty,498.62,405.7026989509928,45.98,46.937301049007225,NULL,0
ORD-1710,Home,224.57,94.53445010898498,38.93,91.10554989101502,NULL,0
ORD-1711,Clothing,236.67,144.27200561987755,41.22,51.17799438012244,NULL,0
ORD-1712,Electronics,98.54,47.703394119616355,5.81,45.02660588038365,NULL,0
ORD-1713,Beauty,401.51,337.13393744853204,48.33,16.046062551467955,NULL,0
ORD-1714,Beauty,352.97,239.4972949853446,37.7,75.77270501465541,NULL,0
ORD-1715,Beauty,125.97,64.96150938219577,18.71,42.29849061780423,NULL,0
ORD-1716,Home,59.54,38.773260338943025,42.32,-21.553260338943026,NULL,0
ORD-1717,Beauty,346.64,265.43721586374403,17.67,63.532784136255955,NULL,0
ORD-1718,Beauty,334.17,293.7551475203036,44.27,-3.855147520303568,NULL,0
ORD-1719,Beauty,151.16,77.12530900086875,10.07,63.96469099913124,NULL,0
ORD-1720,Clothing,476.41,401.6569290300707,36.67,38.083070969929295,NULL,0
ORD-1721,Home,92.51,80.22023680081728,29.33,-17.04023680081727,NULL,0
ORD-1722,Beauty,227.52,195.2600011459679,9.34,22.91999885403212,"Not as Described",1
ORD-1723,Electronics,472.94,339.43243296713587,15.89,117.61756703286413,"Wrong Size",1
ORD-1724,Electronics,221.47,158.33119016882736,5.56,57.578809831172634,NULL,0
ORD-1725,Electronics,326.49,196.41811981409316,26.09,103.98188018590685,NULL,0
ORD-1726,Home,210.85,163.66154674187683,18.56,28.628453258123162,NULL,0
ORD-1727,Home,151.62,100.92539953118417,31.93,18.764600468815836,NULL,0
ORD-1728,Electronics,492.31,363.6787684232009,18.38,110.25123157679911,NULL,0
ORD-1729,Beauty,216.48,132.96828351259362,18.5,65.01171648740637,NULL,0
ORD-1730,Home,449.17,343.95113337712843,38.44,66.77886662287159,NULL,0
ORD-1731,Electronics,130.38,105.89929823264056,7.17,17.310701767359433,NULL,0
ORD-1732,Electronics,122.29,57.8698449099792,45.63,18.79015509002081,NULL,0
ORD-1733,Beauty,34.94,28.527282131081765,43.35,-36.93728213108177,"Late Delivery",1
ORD-1734,Clothing,332.8,223.02534288990714,35.05,74.72465711009288,NULL,0
ORD-1735,Home,196.89,161.90913542038712,31.69,3.290864579612869,NULL,0
ORD-1736,Beauty,434.89,267.74039953532196,45.15,121.99960046467802,NULL,0
ORD-1737,Electronics,247.14,145.69403277878166,13.34,88.10596722121832,NULL,0
ORD-1738,Electronics,484.73,415.6706944365366,8.55,60.5093055634634,"Late Delivery",1
ORD-1739,Beauty,109.05,57.315004313076585,15.78,35.95499568692341,NULL,0
ORD-1740,Home,436.94,359.2110667052637,40.76,36.968933294736296,NULL,0
ORD-1741,Clothing,392.77,252.16238013225936,6.56,134.04761986774062,NULL,0
ORD-1742,Clothing,390.04,256.2748932063467,31.23,102.53510679365333,NULL,0
ORD-1743,Electronics,425.5,235.8266268868877,49.79,139.8833731131123,NULL,0
ORD-1744,Home,385.29,264.5097147382503,43.51,77.27028526174973,NULL,0
ORD-1745,Clothing,320.59,180.36572870709531,28.47,111.75427129290466,NULL,0
ORD-1746,Home,83,34.82968069102857,7.86,40.31031930897143,NULL,0
ORD-1747,Home,35.61,19.086935168156263,42.41,-25.88693516815626,NULL,0
ORD-1748,Electronics,462.01,186.2775909221395,31.95,243.7824090778605,"Late Delivery",1
ORD-1749,Clothing,315.99,280.9711645810481,10.17,24.848835418951936,NULL,0
ORD-1750,Beauty,402.34,355.21536619943856,9.22,37.90463380056141,NULL,0
ORD-1751,Electronics,251.13,150.06967492711,45.93,55.13032507289001,NULL,0
ORD-1752,Clothing,76.31,58.314989947329195,35.11,-17.114989947329192,NULL,0
ORD-1753,Clothing,80.09,45.88380521084547,42.32,-8.11380521084547,NULL,0
ORD-1754,Clothing,349.07,256.7572441720008,44.55,47.762755827999186,NULL,0
ORD-1755,Clothing,226.55,181.8550881260333,30.73,13.964911873966702,NULL,0
ORD-1756,Clothing,116.25,101.5302067227365,28.29,-13.570206722736494,"Late Delivery",1
ORD-1757,Home,255.97,153.60916812462028,24.37,77.99083187537971,NULL,0
ORD-1758,Electronics,50.82,40.23160174691317,19.26,-8.671601746913172,"Late Delivery",1
ORD-1759,Home,299.35,159.54284084836237,24.56,115.24715915163765,NULL,0
ORD-1760,Beauty,149.12,133.48717657085442,39.82,-24.18717657085441,NULL,0
ORD-1761,Clothing,402.83,166.32238373512178,32.09,204.4176162648782,NULL,0
ORD-1762,Electronics,168.97,118.57713121724721,45.16,5.232868782752789,NULL,0
ORD-1763,Clothing,238.51,174.05338584182903,24.95,39.50661415817096,NULL,0
ORD-1764,Electronics,25.58,19.032102674978105,32.32,-25.772102674978107,NULL,0
ORD-1765,Home,54.77,25.204813845139206,33.41,-3.8448138451391998,NULL,0
ORD-1766,Electronics,208.4,181.1548034379002,31.63,-4.384803437900192,NULL,0
ORD-1767,Beauty,250.37,122.82942878788462,36.62,90.92057121211539,NULL,0
ORD-1768,Beauty,308.01,219.11113786595175,15.68,73.21886213404824,NULL,0
ORD-1769,Electronics,160,81.81408632984682,28.06,50.12591367015318,NULL,0
ORD-1770,Electronics,353.59,195.7503264472756,9.69,148.14967355272438,NULL,0
ORD-1771,Electronics,432.86,291.41402218621795,22.3,119.14597781378207,NULL,0
ORD-1772,Electronics,394.33,239.9879403712847,26.95,127.39205962871527,NULL,0
ORD-1773,Beauty,39.02,18.73400147505164,34.35,-14.06400147505164,NULL,0
ORD-1774,Clothing,250.64,121.6777499513807,47.77,81.19225004861929,NULL,0
ORD-1775,Electronics,70.37,42.86042437150811,32.03,-4.520424371508106,NULL,0
ORD-1776,Electronics,136.18,106.03539799077886,38.46,-8.315397990778855,NULL,0
ORD-1777,Beauty,493.6,419.0576748420342,27.78,46.76232515796582,NULL,0
ORD-1778,Beauty,88.4,39.07844267186473,33.53,15.791557328135276,NULL,0
ORD-1779,Home,259.47,154.78733544721894,8.19,96.4926645527811,"Not as Described",1
ORD-1780,Electronics,316.71,142.55838624333612,16.45,157.70161375666387,"Late Delivery",1
ORD-1781,Home,357.18,145.83525111617567,21.28,190.06474888382434,"Not as Described",1
ORD-1782,Beauty,288.63,210.94793168576263,26.26,51.422068314237364,"Not as Described",1
ORD-1783,Beauty,24.69,17.313238361077527,7.05,0.32676163892247434,Damaged,1
ORD-1784,Clothing,176.7,85.0827387055452,11.3,80.3172612944548,NULL,0
ORD-1785,Electronics,268.5,138.78937284274386,17.46,112.25062715725613,Damaged,1
ORD-1786,Home,62.18,25.609074060808076,48.72,-12.149074060808076,NULL,0
ORD-1787,Beauty,188.3,153.93027941612812,19.91,14.459720583871896,NULL,0
ORD-1788,Beauty,35.94,31.891190010992467,26.69,-22.64119001099247,"Not as Described",1
ORD-1789,Home,57.72,26.997362231894776,13.82,16.902637768105222,NULL,0
ORD-1790,Clothing,210.52,108.5730810009353,32.49,69.4569189990647,NULL,0
ORD-1791,Beauty,83.7,69.8229385771792,17.63,-3.752938577179197,NULL,0
ORD-1792,Electronics,292.42,252.42627189917383,14.31,25.683728100826187,NULL,0
ORD-1793,Beauty,350.94,214.008016861111,28.25,108.681983138889,NULL,0
ORD-1794,Electronics,404.28,171.94482654447063,5.25,227.08517345552934,Damaged,1
ORD-1795,Home,116.07,48.71410506836278,5.34,62.015894931637206,NULL,0
ORD-1796,Electronics,100.39,68.96541352733398,14.86,16.564586472666022,NULL,0
ORD-1797,Home,70.19,41.86465384660612,6.65,21.675346153393882,NULL,0
ORD-1798,Electronics,325.49,134.85903932612538,9.86,180.77096067387464,NULL,0
ORD-1799,Home,359.11,248.36988330168114,20.25,90.49011669831887,NULL,0
ORD-1800,Electronics,35.16,14.262698593235015,41.12,-20.222698593235016,NULL,0
ORD-1801,Clothing,469.38,372.5403248580528,30.74,66.09967514194717,NULL,0
ORD-1802,Electronics,44.95,24.867077690258277,28.07,-7.987077690258275,NULL,0
ORD-1803,Electronics,279.82,117.56049720102166,18.21,144.04950279897832,NULL,0
ORD-1804,Clothing,360.35,250.14636141563966,46.93,63.27363858436036,NULL,0
ORD-1805,Beauty,438.07,262.33480571534415,22.87,152.86519428465584,Damaged,1
ORD-1806,Beauty,362.76,321.73191897471975,8.92,32.10808102528024,NULL,0
ORD-1807,Electronics,404.83,272.08597227068685,32.77,99.97402772931312,NULL,0
ORD-1808,Clothing,182.94,98.35212788945515,10.12,74.46787211054485,NULL,0
ORD-1809,Electronics,411.12,310.2802530141599,20.54,80.29974698584013,NULL,0
ORD-1810,Home,58.46,31.319711234323456,27.83,-0.6897112343234539,NULL,0
ORD-1811,Home,449.51,383.0372009603073,44.34,22.132799039692685,NULL,0
ORD-1812,Electronics,282.84,166.1291810691532,27.21,89.50081893084678,NULL,0
ORD-1813,Beauty,412.3,278.2754042163147,36.6,97.4245957836853,NULL,0
ORD-1814,Beauty,237.11,100.83969432388146,49.68,86.59030567611853,"Wrong Size",1
ORD-1815,Electronics,328.92,201.64789879362388,10.92,116.35210120637613,NULL,0
ORD-1816,Electronics,272.67,222.54828317968176,17.36,32.761716820318256,NULL,0
ORD-1817,Home,371.16,297.976305299329,22.76,50.42369470067102,NULL,0
ORD-1818,Beauty,59.18,30.309586156475838,23.98,4.890413843524161,NULL,0
ORD-1819,Electronics,48.97,25.123546053693627,23.5,0.3464539463063723,"Late Delivery",1
ORD-1820,Home,138.61,112.08734466293839,45.84,-19.317344662938382,NULL,0
ORD-1821,Beauty,96.58,83.56093970997674,37.13,-24.11093970997674,NULL,0
ORD-1822,Clothing,438.46,196.28997477068057,32.36,209.81002522931942,NULL,0
ORD-1823,Home,125.22,78.26617141447598,18.92,28.03382858552402,NULL,0
ORD-1824,Beauty,488.42,277.7777094658544,42.07,168.57229053414562,NULL,0
ORD-1825,Beauty,181.71,151.79039962058567,47.98,-18.060399620585663,NULL,0
ORD-1826,Home,107.42,47.45412316746381,41.95,18.015876832536186,"Wrong Size",1
ORD-1827,Clothing,399.06,201.74995931860522,5.07,192.2400406813948,Damaged,1
ORD-1828,Home,336.18,260.95440286491385,33.64,41.58559713508616,NULL,0
ORD-1829,Beauty,259.13,110.2978875432512,7.3,141.5321124567488,NULL,0
ORD-1830,Electronics,286.57,185.20093202564695,16.59,84.77906797435304,NULL,0
ORD-1831,Electronics,365.22,226.8211656028637,7.68,130.71883439713633,NULL,0
ORD-1832,Home,129.66,73.54322843384058,32.17,23.946771566159413,NULL,0
ORD-1833,Beauty,498.24,297.5918551922503,35.9,164.7481448077497,NULL,0
ORD-1834,Electronics,487.9,324.4390061816303,10.15,153.31099381836967,NULL,0
ORD-1835,Beauty,332.16,159.6638908811427,22.27,150.22610911885732,NULL,0
ORD-1836,Home,115.78,79.42484139383718,25.53,10.825158606162816,NULL,0
ORD-1837,Electronics,346.51,278.1491782128691,21.61,46.750821787130874,NULL,0
ORD-1838,Beauty,54.66,42.639198211165045,10.45,1.5708017888349524,NULL,0
ORD-1839,Electronics,34.71,16.554932845960444,23.85,-5.6949328459604445,NULL,0
ORD-1840,Home,143.69,68.1988281535762,38.8,36.6911718464238,NULL,0
ORD-1841,Beauty,242.06,129.28114372816685,8.2,104.57885627183315,NULL,0
ORD-1842,Electronics,436.77,253.5613041119874,8.61,174.59869588801257,NULL,0
ORD-1843,Home,369.04,222.98422388149322,20.96,125.09577611850679,NULL,0
ORD-1844,Electronics,376.5,278.5530010688773,47.38,50.56699893112272,NULL,0
ORD-1845,Electronics,224.24,96.05101005443348,35.09,93.09898994556653,NULL,0
ORD-1846,Clothing,186.05,77.64542831062984,35.54,72.86457168937017,NULL,0
ORD-1847,Clothing,198.1,118.05874125959419,21.29,58.75125874040581,NULL,0
ORD-1848,Home,494.07,369.851832687306,31.71,92.50816731269398,NULL,0
ORD-1849,Clothing,39.25,19.49616860552097,5.46,14.293831394479028,NULL,0
ORD-1850,Home,436.18,314.37771231717596,33.62,88.18228768282404,NULL,0
ORD-1851,Clothing,297.76,157.7872131765518,46.1,93.8727868234482,NULL,0
ORD-1852,Electronics,230.54,194.35514576293403,32.57,3.6148542370659626,NULL,0
ORD-1853,Home,368.12,312.10869114171345,44.32,11.691308858286554,NULL,0
ORD-1854,Home,253.6,139.13601750287222,37.58,76.88398249712777,NULL,0
ORD-1855,Electronics,439.24,226.20722824540687,10.43,202.60277175459314,"Not as Described",1
ORD-1856,Home,452.34,273.9606193622195,45.61,132.76938063778044,NULL,0
ORD-1857,Home,222.43,115.72272024581027,7.99,98.71727975418975,NULL,0
ORD-1858,Clothing,152.88,112.54902098121784,29.03,11.300979018782158,"Late Delivery",1
ORD-1859,Home,304.33,247.43013272428985,11.4,45.49986727571014,NULL,0
ORD-1860,Beauty,457.93,337.2865397540868,5.53,115.11346024591322,NULL,0
ORD-1861,Electronics,121.12,98.37066308542062,23.99,-1.2406630854206107,NULL,0
ORD-1862,Clothing,319.02,190.93221979371418,18.28,109.8077802062858,NULL,0
ORD-1863,Clothing,323.15,154.51691454228418,26.87,141.7630854577158,NULL,0
ORD-1864,Beauty,371.89,285.97428891384527,30.97,54.945711086154716,NULL,0
ORD-1865,Electronics,83.15,48.24672755126011,6.97,27.9332724487399,"Not as Described",1
ORD-1866,Electronics,363.6,267.4770360266563,10.54,85.58296397334371,NULL,0
ORD-1867,Clothing,456.34,244.28882824197947,30.14,181.9111717580205,Damaged,1
ORD-1868,Home,106.25,46.815324349104486,20.44,38.994675650895516,NULL,0
ORD-1869,Clothing,134.02,120.12090611563504,37.81,-23.91090611563503,NULL,0
ORD-1870,Electronics,486.27,232.48605363070627,34.35,219.43394636929372,NULL,0
ORD-1871,Beauty,106.87,95.56427581243862,43.05,-31.744275812438616,NULL,0
ORD-1872,Clothing,430.1,382.2040494984145,36.16,11.735950501585506,NULL,0
ORD-1873,Electronics,256.29,204.23982092529576,24.35,27.70017907470426,NULL,0
ORD-1874,Clothing,138.67,101.18909107595529,35.28,2.200908924044697,NULL,0
ORD-1875,Home,437.96,301.71218786398254,17.39,118.85781213601744,NULL,0
ORD-1876,Clothing,233.75,194.72561811603444,18.78,20.24438188396556,NULL,0
ORD-1877,Clothing,267.11,145.50009530989075,40.5,81.10990469010926,Damaged,1
ORD-1878,Electronics,192.43,121.96994785923245,25.09,45.370052140767555,NULL,0
ORD-1879,Electronics,304.62,216.1872862342119,40.93,47.502713765788094,NULL,0
ORD-1880,Electronics,98.49,59.64507498419309,42.01,-3.1650749841930903,NULL,0
ORD-1881,Clothing,207.72,127.48674312181522,43.59,36.64325687818477,NULL,0
ORD-1882,Home,485.32,274.2748774160558,46.25,164.7951225839442,"Wrong Size",1
ORD-1883,Beauty,143.9,98.15647921045239,24.39,21.353520789547616,Damaged,1
ORD-1884,Beauty,335.23,276.6610495132537,19.35,39.2189504867463,NULL,0
ORD-1885,Electronics,176.09,88.17956604156582,31.2,56.71043395843418,NULL,0
ORD-1886,Electronics,391.27,339.3158075365295,21.7,30.254192463470464,NULL,0
ORD-1887,Clothing,82.82,61.66311974171419,32.05,-10.893119741714195,NULL,0
ORD-1888,Beauty,485.51,394.0576887441407,36.75,54.702311255859286,NULL,0
ORD-1889,Electronics,237.82,161.2646352606347,35.98,40.575364739365305,NULL,0
ORD-1890,Home,133.3,105.27478814991385,21.85,6.175211850086164,Damaged,1
ORD-1890,Home,133.3,105.27478814991385,21.85,6.175211850086164,Damaged,1
ORD-1891,Home,55.28,22.559778982462877,12.51,20.21022101753713,NULL,0
ORD-1892,Electronics,101.48,82.11662275331362,24.37,-5.006622753313618,NULL,0
ORD-1893,Electronics,269.49,113.20451056745772,11.42,144.86548943254232,NULL,0
ORD-1894,Beauty,181.76,153.57932764385694,45.05,-16.86932764385695,NULL,0
ORD-1895,Beauty,417.86,374.39477678056977,20.56,22.905223219430244,Damaged,1
ORD-1896,Clothing,226.83,124.08366122277927,11.95,90.79633877722074,"Late Delivery",1
ORD-1897,Beauty,139.38,70.40910018755696,6.15,62.82089981244304,NULL,0
ORD-1898,Home,316.23,247.50742827641412,34.06,34.6625717235859,NULL,0
ORD-1899,Home,359.25,189.14985648780052,33.66,136.44014351219948,NULL,0
ORD-1900,Electronics,100.18,83.42801977309568,20.33,-3.5780197730956758,NULL,0
ORD-1901,Beauty,100.46,45.34978340407005,8.23,46.88021659592994,NULL,0
ORD-1902,Clothing,37.6,17.407957691931937,23.43,-3.2379576919319355,NULL,0
ORD-1903,Home,373.47,332.2298656417135,19,22.240134358286525,"Not as Described",1
ORD-1904,Home,338.63,249.54303306058586,35.47,53.61696693941414,NULL,0
ORD-1905,Clothing,247.82,204.06579597899153,32.26,11.494204021008464,NULL,0
ORD-1906,Clothing,425.2,239.0324256249327,21.41,164.7575743750673,"Not as Described",1
ORD-1907,Home,406.72,300.2577353025101,14.81,91.6522646974899,NULL,0
ORD-1908,Home,300.97,209.8124813825343,49.46,41.69751861746574,NULL,0
ORD-1909,Clothing,436.77,306.42693898304975,25.43,104.91306101695022,NULL,0
ORD-1910,Home,118.8,88.06242809654066,35.97,-5.232428096540659,NULL,0
ORD-1911,Electronics,73.72,50.69573912153857,11.32,11.704260878461426,NULL,0
ORD-1912,Electronics,149.48,91.86012148168126,26.85,30.769878518318727,Damaged,1
ORD-1913,Clothing,47.4,25.49936785681896,6.24,15.660632143181038,NULL,0
ORD-1914,Beauty,274.96,215.64856137394702,27.75,31.56143862605296,NULL,0
ORD-1915,Clothing,469.57,240.9533724782981,48.38,180.2366275217019,NULL,0
ORD-1916,Clothing,38.88,29.011367711641814,22.29,-12.42136771164181,NULL,0
ORD-1917,Beauty,78.61,40.61514659423178,6.75,31.244853405768218,"Wrong Size",1
ORD-1918,Beauty,237.06,168.94438504470142,6.39,61.72561495529858,NULL,0
ORD-1919,Beauty,468.26,362.2174346829196,22.46,83.5825653170804,"Not as Described",1
ORD-1920,Electronics,171.75,87.48205520984905,12.2,72.06794479015095,NULL,0
ORD-1921,Home,263.47,113.28463073896447,6.05,144.13536926103555,Damaged,1
ORD-1922,Electronics,39.95,18.59620051630863,39.03,-17.67620051630863,NULL,0
ORD-1923,Home,91.2,64.11346170755877,25.63,1.456538292441234,NULL,0
ORD-1924,Electronics,493.58,407.06687859244926,18.02,68.49312140755073,NULL,0
ORD-1925,Home,483.26,204.1765819151156,45.5,233.58341808488439,NULL,0
ORD-1926,Electronics,22.37,17.159481832380816,10.23,-5.019481832380816,NULL,0
ORD-1927,Beauty,476.87,272.1303113471007,48.02,156.7196886528993,NULL,0
ORD-1928,Clothing,326.78,208.8987503611508,19.13,98.75124963884917,NULL,0
ORD-1929,Electronics,436.6,377.410039731287,44.98,14.20996026871304,NULL,0
ORD-1930,Home,238.28,134.86308507422865,32.13,71.28691492577136,NULL,0
ORD-1931,Beauty,267.49,169.2324882297366,42.2,56.05751177026342,"Wrong Size",1
ORD-1932,Electronics,254.65,103.60211345940372,49.28,101.76788654059627,NULL,0
ORD-1933,Electronics,340.09,149.91145434322274,17.98,172.19854565677724,NULL,0
ORD-1934,Beauty,87.03,46.06461308823013,48.25,-7.284613088230131,NULL,0
ORD-1935,Electronics,34.39,14.234919280918376,22.53,-2.374919280918377,NULL,0
ORD-1936,Clothing,167.81,120.09954673207851,22.35,25.360453267921493,"Wrong Size",1
ORD-1937,Electronics,358.25,219.67860566209063,20.32,118.25139433790937,NULL,0
ORD-1938,Clothing,116.89,78.79234637343924,29.36,8.737653626560757,NULL,0
ORD-1939,Clothing,343.25,167.27382327945756,11.94,164.03617672054244,NULL,0
ORD-1940,Beauty,485.56,266.07037810662166,29.92,189.56962189337833,Damaged,1
ORD-1941,Electronics,65.07,47.62552928933341,29.38,-11.935529289333413,NULL,0
ORD-1942,Beauty,342.85,302.6170193983413,39.29,0.9429806016587108,NULL,0
ORD-1943,Electronics,233,99.07355412465738,42.51,91.41644587534262,NULL,0
ORD-1944,Electronics,436.71,369.1038683803516,24.82,42.78613161964835,NULL,0
ORD-1945,Home,105.03,72.30691628685813,18.6,14.123083713141874,NULL,0
ORD-1946,Electronics,352.46,240.3635452493436,16.67,95.42645475065639,NULL,0
ORD-1947,Beauty,422.3,274.55381270911863,13.76,133.9861872908814,NULL,0
ORD-1948,Clothing,473.41,205.78992710394974,7.59,260.0300728960503,NULL,0
ORD-1949,Electronics,347.96,154.82077466505723,20.41,172.72922533494275,NULL,0
ORD-1950,Home,258.64,181.165940571833,17.16,60.314059428166985,NULL,0
ORD-1951,Beauty,316.57,180.59662747967735,48.49,87.48337252032263,NULL,0
ORD-1952,Electronics,437.07,375.28317692955346,30.1,31.68682307044653,NULL,0
ORD-1953,Beauty,293.89,177.30244651228764,20.63,95.95755348771235,NULL,0
ORD-1954,Home,34.59,16.31405282826218,31.12,-12.844052828262178,NULL,0
ORD-1955,Home,466.86,353.5808173043803,11.26,102.01918269561973,"Not as Described",1
ORD-1956,Beauty,350.97,191.86712516157564,24.98,134.1228748384244,NULL,0
ORD-1957,Electronics,344.73,228.46468952739858,33.18,83.08531047260144,NULL,0
ORD-1958,Clothing,123.52,92.5061528327993,27,4.013847167200694,NULL,0
ORD-1959,Home,336.27,285.8739063369601,23.08,27.316093663039894,NULL,0
ORD-1960,Electronics,209.05,166.42378463664522,49.72,-7.093784636645211,NULL,0
ORD-1961,Electronics,332.59,245.51146378189463,44.61,42.46853621810534,NULL,0
ORD-1962,Clothing,71.16,52.64534862961921,33.05,-14.535348629619207,"Wrong Size",1
ORD-1963,Home,335.77,293.11455886332686,30.62,12.035441136673118,NULL,0
ORD-1964,Home,499.72,273.8026090004845,32.93,192.98739099951553,NULL,0
ORD-1965,Electronics,43.14,17.279987871811763,14.06,11.800012128188238,Damaged,1
ORD-1965,Electronics,43.14,17.279987871811763,14.06,11.800012128188238,Damaged,1
ORD-1966,Electronics,489.04,262.11432886404754,22.78,204.14567113595248,Damaged,1
ORD-1967,Clothing,215.32,109.58618593061524,6.78,98.95381406938475,NULL,0
ORD-1968,Clothing,437.96,320.1125374482633,26.4,91.44746255173666,NULL,0
ORD-1969,Home,395.55,283.5523116436275,29.44,82.55768835637252,NULL,0
ORD-1970,Beauty,292.17,203.56380609241958,15.25,73.35619390758043,NULL,0
ORD-1971,Home,374.46,152.82525987210602,48.38,173.25474012789397,NULL,0
ORD-1972,Electronics,441.69,337.6229894351533,45.93,58.137010564846726,NULL,0
ORD-1973,Home,213.99,120.21213648388519,37.5,56.27786351611482,NULL,0
ORD-1974,Beauty,176.98,129.64280446719678,29,18.337195532803207,NULL,0
ORD-1975,Clothing,340.44,230.91678009963655,44.15,65.37321990036344,NULL,0
ORD-1976,Beauty,407.77,232.98569473086886,10.88,163.90430526913113,NULL,0
ORD-1977,Beauty,385.9,180.3264907377376,40.57,165.00350926226238,NULL,0
ORD-1978,Beauty,402.95,180.2030474061454,10.62,212.12695259385458,"Wrong Size",1
ORD-1979,Clothing,229.08,186.8741098746741,40.74,1.465890125325906,NULL,0
ORD-1980,Beauty,412.56,354.47104498058377,17.41,40.678955019416236,NULL,0
ORD-1981,Beauty,77.7,56.32426561679304,44.47,-23.094265616793038,NULL,0
ORD-1982,Beauty,281.35,127.09059410799851,47.48,106.7794058920015,"Late Delivery",1
ORD-1983,Electronics,22.76,13.679069728188182,11.7,-2.6190697281881796,NULL,0
ORD-1984,Beauty,175.8,134.39375568924333,25.82,15.586244310756676,"Late Delivery",1
ORD-1985,Clothing,195.9,154.74345558878616,49.14,-7.983455588786157,NULL,0
ORD-1986,Beauty,210.16,96.48641283034759,26.75,86.92358716965241,NULL,0
ORD-1987,Beauty,353.82,141.5334344709366,43.86,168.4265655290634,NULL,0
ORD-1988,Clothing,206.51,156.13571067240187,31.49,18.884289327598122,NULL,0
ORD-1989,Beauty,235.37,136.1140209709366,21.89,77.36597902906341,NULL,0
ORD-1990,Clothing,134.02,70.66079403173964,17.86,45.49920596826037,NULL,0
ORD-1991,Beauty,199.16,80.94833004164094,14.15,104.06166995835905,NULL,0
ORD-1992,Clothing,129.09,86.509625209421,39.28,3.3003747905789993,NULL,0
ORD-1993,Beauty,55.13,45.51397002201719,22.39,-12.773970022017188,NULL,0
ORD-1994,Beauty,309.66,272.1341077923848,28.01,9.515892207615241,NULL,0
